﻿,,,,,Congressional District 9 (115th Congress), Illinois,"","","","","","",""
,,,,,Total,"",Labor Force Participation Rate,"",Employment/Population Ratio,"",Unemployment rate,""
"","","","","","Estimate","Margin of Error","Estimate","Margin of Error","Estimate","Margin of Error","Estimate","Margin of Error"
"Population 16 years and over","","","","","598,776","+/-12,663","63.2%","+/-1.0","61.2%","+/-0.9","3.1%","+/-0.4"
"AGE","","","","","","","","","","","",""
"AGE","16 to 19 years","","","","34,976","+/-3,908","28.4%","+/-4.8","24.4%","+/-4.6","14.1%","+/-5.2"
"AGE","20 to 24 years","","","","45,662","+/-4,591","64.1%","+/-6.0","59.6%","+/-5.9","6.4%","+/-2.7"
"AGE","25 to 29 years","","","","49,537","+/-3,183","84.4%","+/-2.3","82.5%","+/-2.4","2.2%","+/-1.3"
"AGE","30 to 34 years","","","","52,322","+/-3,968","85.2%","+/-2.9","82.4%","+/-3.0","3.3%","+/-1.7"
"AGE","35 to 44 years","","","","94,344","+/-5,268","81.8%","+/-2.4","79.8%","+/-2.3","2.4%","+/-0.8"
"AGE","45 to 54 years","","","","101,598","+/-4,880","82.6%","+/-1.8","80.3%","+/-1.8","2.8%","+/-0.8"
"AGE","55 to 59 years","","","","48,813","+/-3,253","78.3%","+/-3.1","76.8%","+/-2.9","1.9%","+/-0.9"
"AGE","60 to 64 years","","","","45,478","+/-3,622","60.4%","+/-3.1","59.0%","+/-3.2","2.4%","+/-1.2"
"AGE","65 to 74 years","","","","68,054","+/-3,976","31.8%","+/-2.5","30.8%","+/-2.4","2.9%","+/-1.3"
"AGE","75 years and over","","","","57,992","+/-3,723","7.9%","+/-1.4","7.9%","+/-1.4","0.0%","+/-3.2"
"RACE AND HISPANIC OR LATINO ORIGIN","","","","","","","","","","","",""
"RACE AND HISPANIC OR LATINO ORIGIN","White alone","","","","436,079","+/-10,590","63.0%","+/-1.2","61.5%","+/-1.2","2.5%","+/-0.4"
"RACE AND HISPANIC OR LATINO ORIGIN","Black or African American alone","","","","51,912","+/-6,145","60.2%","+/-4.4","56.6%","+/-4.4","5.4%","+/-2.5"
"RACE AND HISPANIC OR LATINO ORIGIN","American Indian and Alaska Native alone","","","","N","N","N","N","N","N","N","N"
"RACE AND HISPANIC OR LATINO ORIGIN","Asian alone","","","","75,011","+/-6,100","60.9%","+/-3.2","58.2%","+/-3.1","4.5%","+/-1.3"
"RACE AND HISPANIC OR LATINO ORIGIN","Native Hawaiian and Other Pacific Islander alone","","","","N","N","N","N","N","N","N","N"
"RACE AND HISPANIC OR LATINO ORIGIN","Some other race alone","","","","17,840","+/-3,810","79.4%","+/-6.4","75.9%","+/-6.4","4.3%","+/-2.9"
"RACE AND HISPANIC OR LATINO ORIGIN","Two or more races","","","","15,891","+/-2,895","70.6%","+/-5.0","67.3%","+/-5.1","4.7%","+/-3.1"
"Hispanic or Latino origin (of any race)","","","","","73,516","+/-8,425","66.5%","+/-4.5","64.2%","+/-4.4","3.4%","+/-1.5"
"White alone, not Hispanic or Latino","","","","","383,952","+/-9,530","63.0%","+/-1.3","61.4%","+/-1.2","2.5%","+/-0.4"
"Population 20 to 64 years","","","","","437,754","+/-10,267","78.2%","+/-1.2","75.9%","+/-1.2","2.9%","+/-0.5"
"Population 20 to 64 years","SEX","","","","","","","","","","",""
"Population 20 to 64 years","SEX","Male","","","217,460","+/-7,250","85.5%","+/-1.7","83.1%","+/-1.7","2.7%","+/-0.6"
"Population 20 to 64 years","SEX","Female","","","220,294","+/-6,555","71.0%","+/-2.1","68.8%","+/-2.0","3.1%","+/-0.8"
"Population 20 to 64 years","SEX","Female","With own children under 18 years","","69,650","+/-3,622","64.9%","+/-3.0","63.8%","+/-2.9","1.7%","+/-0.8"
"Population 20 to 64 years","SEX","Female","With own children under 18 years","With own children under 6 years only","17,137","+/-2,093","64.4%","+/-5.8","63.6%","+/-5.8","1.2%","+/-1.1"
"Population 20 to 64 years","SEX","Female","With own children under 18 years","With own children under 6 years and 6 to 17 years","14,634","+/-1,845","49.3%","+/-6.4","48.3%","+/-6.4","2.0%","+/-2.3"
"Population 20 to 64 years","SEX","Female","With own children under 18 years","With own children under 6 to 17 years only","37,879","+/-3,052","71.1%","+/-3.5","69.8%","+/-3.5","1.8%","+/-1.0"
"POVERTY STATUS IN THE PAST 12 MONTHS","","","","","","","","","","","",""
"POVERTY STATUS IN THE PAST 12 MONTHS","Below poverty level","","","","49,092","+/-3,756","44.5%","+/-4.9","36.7%","+/-4.6","16.8%","+/-4.8"
"POVERTY STATUS IN THE PAST 12 MONTHS","At or above the poverty level","","","","381,115","+/-9,724","83.6%","+/-1.2","82.0%","+/-1.2","1.9%","+/-0.4"
"DISABILITY STATUS","","","","","","","","","","","",""
"DISABILITY STATUS","With any disability","","","","30,797","+/-2,889","42.9%","+/-5.0","39.7%","+/-5.1","7.4%","+/-3.1"
"EDUCATIONAL ATTAINMENT","","","","","","","","","","","",""
"EDUCATIONAL ATTAINMENT","Population 25 to 64 years","","","","392,092","+/-10,104","79.9%","+/-1.1","77.8%","+/-1.0","2.5%","+/-0.4"
"EDUCATIONAL ATTAINMENT","Population 25 to 64 years","Less than high school graduate","","","26,046","+/-4,463","56.6%","+/-6.6","53.9%","+/-6.6","4.7%","+/-3.8"
"EDUCATIONAL ATTAINMENT","Population 25 to 64 years","High school graduate (includes equivalency)","","","60,798","+/-5,567","70.0%","+/-4.5","67.3%","+/-4.6","3.9%","+/-1.8"
"EDUCATIONAL ATTAINMENT","Population 25 to 64 years","Some college or associate's degree","","","80,117","+/-4,495","81.9%","+/-2.2","80.1%","+/-2.3","2.2%","+/-0.7"
"EDUCATIONAL ATTAINMENT","Population 25 to 64 years","Bachelor's degree or higher","","","225,131","+/-6,846","84.5%","+/-1.2","82.7%","+/-1.3","2.2%","+/-0.4"