﻿,,,,,Illinois,"","","","","","",""
,,,,,Total,"",Labor Force Participation Rate,"",Employment/Population Ratio,"",Unemployment rate,""
"","","","","","Estimate","Margin of Error","Estimate","Margin of Error","Estimate","Margin of Error","Estimate","Margin of Error"
"Population 16 years and over","","","","","10,249,521","+/-6,130","65.0%","+/-0.2","60.8%","+/-0.2","6.1%","+/-0.2"
"AGE","","","","","","","","","","","",""
"AGE","16 to 19 years","","","","681,917","+/-7,155","40.4%","+/-0.9","32.3%","+/-1.0","19.1%","+/-1.6"
"AGE","20 to 24 years","","","","860,547","+/-4,466","75.3%","+/-0.9","66.0%","+/-0.9","11.8%","+/-0.8"
"AGE","25 to 29 years","","","","899,293","+/-3,498","85.0%","+/-0.7","78.6%","+/-0.9","7.2%","+/-0.5"
"AGE","30 to 34 years","","","","866,136","+/-3,804","84.6%","+/-0.6","79.5%","+/-0.6","5.7%","+/-0.5"
"AGE","35 to 44 years","","","","1,647,140","+/-4,521","84.2%","+/-0.5","80.0%","+/-0.6","4.8%","+/-0.3"
"AGE","45 to 54 years","","","","1,678,264","+/-4,031","82.5%","+/-0.5","78.9%","+/-0.5","4.3%","+/-0.3"
"AGE","55 to 59 years","","","","868,447","+/-11,029","74.4%","+/-0.7","71.3%","+/-0.7","4.1%","+/-0.4"
"AGE","60 to 64 years","","","","800,182","+/-10,584","58.2%","+/-0.9","55.9%","+/-0.9","4.0%","+/-0.4"
"AGE","65 to 74 years","","","","1,123,624","+/-3,282","26.8%","+/-0.7","25.9%","+/-0.7","3.5%","+/-0.5"
"AGE","75 years and over","","","","823,971","+/-2,177","6.5%","+/-0.4","6.3%","+/-0.4","3.1%","+/-1.0"
"RACE AND HISPANIC OR LATINO ORIGIN","","","","","","","","","","","",""
"RACE AND HISPANIC OR LATINO ORIGIN","White alone","","","","7,454,518","+/-19,224","65.1%","+/-0.2","61.9%","+/-0.2","4.6%","+/-0.2"
"RACE AND HISPANIC OR LATINO ORIGIN","Black or African American alone","","","","1,427,963","+/-7,191","60.7%","+/-0.7","51.2%","+/-0.7","15.3%","+/-0.8"
"RACE AND HISPANIC OR LATINO ORIGIN","American Indian and Alaska Native alone","","","","25,032","+/-4,006","63.5%","+/-4.1","56.6%","+/-4.7","8.9%","+/-3.3"
"RACE AND HISPANIC OR LATINO ORIGIN","Asian alone","","","","575,198","+/-4,455","66.1%","+/-0.9","63.3%","+/-0.9","4.1%","+/-0.5"
"RACE AND HISPANIC OR LATINO ORIGIN","Native Hawaiian and Other Pacific Islander alone","","","","N","N","N","N","N","N","N","N"
"RACE AND HISPANIC OR LATINO ORIGIN","Some other race alone","","","","573,533","+/-18,105","72.0%","+/-1.1","67.8%","+/-1.2","5.8%","+/-0.7"
"RACE AND HISPANIC OR LATINO ORIGIN","Two or more races","","","","190,177","+/-9,034","69.4%","+/-1.5","63.1%","+/-1.8","8.6%","+/-1.3"
"Hispanic or Latino origin (of any race)","","","","","1,572,716","+/-3,448","70.6%","+/-0.6","66.2%","+/-0.7","6.0%","+/-0.4"
"White alone, not Hispanic or Latino","","","","","6,530,895","+/-4,894","64.4%","+/-0.2","61.4%","+/-0.2","4.4%","+/-0.2"
"Population 20 to 64 years","","","","","7,620,009","+/-5,770","79.1%","+/-0.3","74.4%","+/-0.3","5.7%","+/-0.2"
"Population 20 to 64 years","SEX","","","","","","","","","","",""
"Population 20 to 64 years","SEX","Male","","","3,792,104","+/-4,361","83.5%","+/-0.3","78.2%","+/-0.4","6.0%","+/-0.2"
"Population 20 to 64 years","SEX","Female","","","3,827,905","+/-4,076","74.8%","+/-0.4","70.7%","+/-0.4","5.4%","+/-0.2"
"Population 20 to 64 years","SEX","Female","With own children under 18 years","","1,340,112","+/-15,226","75.0%","+/-0.6","70.9%","+/-0.6","5.4%","+/-0.4"
"Population 20 to 64 years","SEX","Female","With own children under 18 years","With own children under 6 years only","297,979","+/-8,579","73.6%","+/-1.2","68.7%","+/-1.3","6.6%","+/-1.0"
"Population 20 to 64 years","SEX","Female","With own children under 18 years","With own children under 6 years and 6 to 17 years","263,703","+/-8,665","66.9%","+/-1.3","61.9%","+/-1.4","7.3%","+/-1.1"
"Population 20 to 64 years","SEX","Female","With own children under 18 years","With own children under 6 to 17 years only","778,430","+/-14,097","78.3%","+/-0.8","74.7%","+/-0.9","4.5%","+/-0.5"
"POVERTY STATUS IN THE PAST 12 MONTHS","","","","","","","","","","","",""
"POVERTY STATUS IN THE PAST 12 MONTHS","Below poverty level","","","","868,597","+/-18,818","51.5%","+/-0.9","38.0%","+/-0.8","26.2%","+/-1.1"
"POVERTY STATUS IN THE PAST 12 MONTHS","At or above the poverty level","","","","6,615,008","+/-19,739","84.0%","+/-0.3","80.5%","+/-0.3","4.1%","+/-0.2"
"DISABILITY STATUS","","","","","","","","","","","",""
"DISABILITY STATUS","With any disability","","","","668,373","+/-14,557","44.2%","+/-0.9","38.3%","+/-1.0","13.2%","+/-1.4"
"EDUCATIONAL ATTAINMENT","","","","","","","","","","","",""
"EDUCATIONAL ATTAINMENT","Population 25 to 64 years","","","","6,759,462","+/-5,214","79.6%","+/-0.3","75.5%","+/-0.3","5.0%","+/-0.2"
"EDUCATIONAL ATTAINMENT","Population 25 to 64 years","Less than high school graduate","","","663,881","+/-13,694","61.9%","+/-1.0","56.3%","+/-1.1","9.1%","+/-0.8"
"EDUCATIONAL ATTAINMENT","Population 25 to 64 years","High school graduate (includes equivalency)","","","1,630,129","+/-22,022","74.3%","+/-0.6","68.8%","+/-0.6","7.4%","+/-0.4"
"EDUCATIONAL ATTAINMENT","Population 25 to 64 years","Some college or associate's degree","","","1,995,913","+/-23,504","80.5%","+/-0.5","76.1%","+/-0.5","5.1%","+/-0.3"
"EDUCATIONAL ATTAINMENT","Population 25 to 64 years","Bachelor's degree or higher","","","2,469,539","+/-21,368","87.1%","+/-0.3","84.6%","+/-0.4","2.8%","+/-0.2"