﻿,,,,,Illinois,"","","","","","",""
,,,,,Total,"",Labor Force Participation Rate,"",Employment/Population Ratio,"",Unemployment rate,""
"","","","","","Estimate","Margin of Error","Estimate","Margin of Error","Estimate","Margin of Error","Estimate","Margin of Error"
"Population 16 years and over","","","","","10,216,304","+/-5,459","65.4%","+/-0.2","61.6%","+/-0.2","5.5%","+/-0.2"
"Population 16 years and over","AGE","","","","","","","","","","",""
"Population 16 years and over","AGE","16 to 19 years","","","670,902","+/-6,868","40.8%","+/-0.9","33.5%","+/-0.9","17.1%","+/-1.2"
"Population 16 years and over","AGE","20 to 24 years","","","839,026","+/-5,924","76.3%","+/-0.9","68.0%","+/-1.0","10.2%","+/-0.6"
"Population 16 years and over","AGE","25 to 29 years","","","898,483","+/-3,612","84.8%","+/-0.6","79.0%","+/-0.7","6.6%","+/-0.5"
"Population 16 years and over","AGE","30 to 34 years","","","867,034","+/-3,913","85.9%","+/-0.6","81.5%","+/-0.7","5.0%","+/-0.5"
"Population 16 years and over","AGE","35 to 44 years","","","1,644,390","+/-5,142","85.2%","+/-0.5","81.4%","+/-0.6","4.2%","+/-0.3"
"Population 16 years and over","AGE","45 to 54 years","","","1,636,054","+/-4,871","83.4%","+/-0.4","80.0%","+/-0.5","4.0%","+/-0.3"
"Population 16 years and over","AGE","55 to 59 years","","","855,616","+/-9,963","75.3%","+/-0.7","72.0%","+/-0.8","4.3%","+/-0.4"
"Population 16 years and over","AGE","60 to 64 years","","","814,251","+/-9,868","59.3%","+/-0.9","57.0%","+/-0.9","3.9%","+/-0.4"
"Population 16 years and over","AGE","65 to 74 years","","","1,143,329","+/-2,976","26.7%","+/-0.6","25.9%","+/-0.6","3.1%","+/-0.5"
"Population 16 years and over","AGE","75 years and over","","","847,219","+/-2,082","6.9%","+/-0.4","6.8%","+/-0.4","2.6%","+/-1.0"
"Population 16 years and over","RACE AND HISPANIC OR LATINO ORIGIN","","","","","","","","","","",""
"Population 16 years and over","RACE AND HISPANIC OR LATINO ORIGIN","White alone","","","7,459,351","+/-18,945","65.4%","+/-0.2","62.4%","+/-0.3","4.3%","+/-0.1"
"Population 16 years and over","RACE AND HISPANIC OR LATINO ORIGIN","Black or African American alone","","","1,413,387","+/-6,977","61.1%","+/-0.7","53.1%","+/-0.7","12.9%","+/-0.8"
"Population 16 years and over","RACE AND HISPANIC OR LATINO ORIGIN","American Indian and Alaska Native alone","","","29,086","+/-3,373","67.0%","+/-4.7","61.0%","+/-4.6","8.9%","+/-3.0"
"Population 16 years and over","RACE AND HISPANIC OR LATINO ORIGIN","Asian alone","","","594,083","+/-4,882","67.1%","+/-1.0","64.5%","+/-1.0","3.7%","+/-0.4"
"Population 16 years and over","RACE AND HISPANIC OR LATINO ORIGIN","Native Hawaiian and Other Pacific Islander alone","","","N","N","N","N","N","N","N","N"
"Population 16 years and over","RACE AND HISPANIC OR LATINO ORIGIN","Some other race alone","","","524,506","+/-17,755","72.4%","+/-1.2","68.6%","+/-1.3","5.2%","+/-0.8"
"Population 16 years and over","RACE AND HISPANIC OR LATINO ORIGIN","Two or more races","","","191,594","+/-8,740","71.7%","+/-1.6","65.2%","+/-1.5","8.4%","+/-1.1"
"Population 16 years and over","RACE AND HISPANIC OR LATINO ORIGIN","Hispanic or Latino origin (of any race)","","","1,578,172","+/-3,001","71.2%","+/-0.6","66.4%","+/-0.6","6.6%","+/-0.5"
"Population 16 years and over","RACE AND HISPANIC OR LATINO ORIGIN","White alone, not Hispanic or Latino","","","6,476,152","+/-4,315","64.6%","+/-0.2","62.0%","+/-0.3","3.9%","+/-0.1"
"Population 20 to 64 years","","","","","7,554,854","+/-5,912","79.9%","+/-0.2","75.7%","+/-0.3","5.2%","+/-0.2"
"Population 20 to 64 years","SEX","","","","","","","","","","",""
"Population 20 to 64 years","SEX","Male","","","3,760,024","+/-4,821","84.2%","+/-0.3","79.6%","+/-0.3","5.1%","+/-0.2"
"Population 20 to 64 years","SEX","Female","","","3,794,830","+/-4,205","75.7%","+/-0.3","71.7%","+/-0.3","5.2%","+/-0.2"
"Population 20 to 64 years","SEX","Female","With own children under 18 years","","1,326,579","+/-14,206","77.2%","+/-0.6","73.1%","+/-0.6","5.4%","+/-0.4"
"Population 20 to 64 years","SEX","Female","With own children under 18 years","With own children under 6 years only","303,701","+/-8,546","76.2%","+/-1.1","70.0%","+/-1.4","8.1%","+/-1.0"
"Population 20 to 64 years","SEX","Female","With own children under 18 years","With own children under 6 years and 6 to 17  years","265,264","+/-7,831","69.6%","+/-1.3","65.6%","+/-1.3","5.7%","+/-1.0"
"Population 20 to 64 years","SEX","Female","With own children under 18 years","With own children 6 to 17 years only","757,614","+/-11,858","80.3%","+/-0.8","76.9%","+/-0.9","4.3%","+/-0.5"
"Population 20 to 64 years","POVERTY STATUS IN THE PAST 12 MONTHS","","","","","","","","","","",""
"Population 20 to 64 years","POVERTY STATUS IN THE PAST 12 MONTHS","Below poverty level","","","831,166","+/-16,988","49.9%","+/-0.9","37.9%","+/-0.7","24.0%","+/-1.2"
"Population 20 to 64 years","POVERTY STATUS IN THE PAST 12 MONTHS","At or above the poverty level","","","6,590,880","+/-17,885","84.9%","+/-0.2","81.6%","+/-0.2","3.8%","+/-0.1"
"Population 20 to 64 years","DISABILITY STATUS","","","","","","","","","","",""
"Population 20 to 64 years","DISABILITY STATUS","With any disability","","","655,162","+/-12,584","44.1%","+/-1.0","38.4%","+/-0.9","13.1%","+/-1.1"
"EDUCATIONAL ATTAINMENT","","","","","","","","","","","",""
"EDUCATIONAL ATTAINMENT","Population 25 to 64 years","","","","6,715,828","+/-5,732","80.4%","+/-0.3","76.6%","+/-0.3","4.6%","+/-0.2"
"EDUCATIONAL ATTAINMENT","Population 25 to 64 years","Less than high school graduate","","","629,802","+/-13,749","62.3%","+/-1.0","56.6%","+/-1.2","9.1%","+/-0.9"
"EDUCATIONAL ATTAINMENT","Population 25 to 64 years","High school graduate (includes equivalency)","","","1,610,641","+/-20,513","74.6%","+/-0.6","69.3%","+/-0.6","7.0%","+/-0.4"
"EDUCATIONAL ATTAINMENT","Population 25 to 64 years","Some college or associate's degree","","","1,958,331","+/-20,729","81.1%","+/-0.5","77.3%","+/-0.5","4.6%","+/-0.3"
"EDUCATIONAL ATTAINMENT","Population 25 to 64 years","Bachelor's degree or higher","","","2,517,054","+/-20,201","88.1%","+/-0.3","85.8%","+/-0.4","2.4%","+/-0.2"