﻿,,,,,Congressional District 8 (115th Congress), Illinois,"","","","","","",""
,,,,,Total,"",Labor Force Participation Rate,"",Employment/Population Ratio,"",Unemployment rate,""
"","","","","","Estimate","Margin of Error","Estimate","Margin of Error","Estimate","Margin of Error","Estimate","Margin of Error"
"Population 16 years and over","","","","","563,544","+/-10,552","69.8%","+/-1.1","66.3%","+/-1.1","5.0%","+/-0.6"
"AGE","","","","","","","","","","","",""
"AGE","16 to 19 years","","","","34,985","+/-2,929","38.8%","+/-4.5","32.9%","+/-4.1","15.2%","+/-5.2"
"AGE","20 to 24 years","","","","40,789","+/-4,058","83.0%","+/-3.6","77.0%","+/-4.0","7.1%","+/-2.2"
"AGE","25 to 29 years","","","","51,695","+/-3,649","87.9%","+/-2.7","83.3%","+/-3.1","5.2%","+/-1.9"
"AGE","30 to 34 years","","","","52,015","+/-3,755","84.9%","+/-2.9","81.0%","+/-3.4","4.5%","+/-1.9"
"AGE","35 to 44 years","","","","104,997","+/-5,428","84.0%","+/-2.0","80.2%","+/-2.3","4.4%","+/-1.2"
"AGE","45 to 54 years","","","","97,217","+/-4,670","87.8%","+/-1.6","84.2%","+/-1.7","4.1%","+/-1.2"
"AGE","55 to 59 years","","","","45,827","+/-3,353","78.8%","+/-3.3","74.3%","+/-3.7","5.6%","+/-1.9"
"AGE","60 to 64 years","","","","44,967","+/-3,700","59.5%","+/-4.8","57.6%","+/-4.6","3.2%","+/-1.4"
"AGE","65 to 74 years","","","","53,378","+/-3,491","32.7%","+/-3.0","31.6%","+/-3.0","3.3%","+/-1.8"
"AGE","75 years and over","","","","37,674","+/-2,439","7.0%","+/-1.7","7.0%","+/-1.7","0.0%","+/-5.3"
"RACE AND HISPANIC OR LATINO ORIGIN","","","","","","","","","","","",""
"RACE AND HISPANIC OR LATINO ORIGIN","White alone","","","","382,574","+/-10,766","69.5%","+/-1.2","66.2%","+/-1.2","4.8%","+/-0.7"
"RACE AND HISPANIC OR LATINO ORIGIN","Black or African American alone","","","","23,960","+/-4,024","71.7%","+/-5.5","60.8%","+/-6.3","14.1%","+/-6.0"
"RACE AND HISPANIC OR LATINO ORIGIN","American Indian and Alaska Native alone","","","","N","N","N","N","N","N","N","N"
"RACE AND HISPANIC OR LATINO ORIGIN","Asian alone","","","","71,890","+/-5,955","66.8%","+/-2.7","63.5%","+/-2.7","4.9%","+/-1.8"
"RACE AND HISPANIC OR LATINO ORIGIN","Native Hawaiian and Other Pacific Islander alone","","","","N","N","N","N","N","N","N","N"
"RACE AND HISPANIC OR LATINO ORIGIN","Some other race alone","","","","72,374","+/-8,945","74.0%","+/-3.4","71.7%","+/-3.5","3.0%","+/-1.4"
"RACE AND HISPANIC OR LATINO ORIGIN","Two or more races","","","","10,605","+/-2,274","70.1%","+/-7.3","65.5%","+/-7.6","6.5%","+/-4.9"
"Hispanic or Latino origin (of any race)","","","","","141,981","+/-10,783","74.7%","+/-2.2","71.4%","+/-2.3","4.4%","+/-1.6"
"White alone, not Hispanic or Latino","","","","","319,109","+/-9,706","68.4%","+/-1.4","65.3%","+/-1.3","4.5%","+/-0.7"
"Population 20 to 64 years","","","","","437,507","+/-9,188","82.3%","+/-1.1","78.3%","+/-1.2","4.7%","+/-0.6"
"Population 20 to 64 years","SEX","","","","","","","","","","",""
"Population 20 to 64 years","SEX","Male","","","223,689","+/-6,063","88.7%","+/-1.4","84.9%","+/-1.4","4.1%","+/-0.8"
"Population 20 to 64 years","SEX","Female","","","213,818","+/-5,350","75.6%","+/-1.6","71.4%","+/-1.7","5.5%","+/-0.9"
"Population 20 to 64 years","SEX","Female","With own children under 18 years","","80,309","+/-3,650","73.3%","+/-2.6","69.2%","+/-2.7","5.6%","+/-1.7"
"Population 20 to 64 years","SEX","Female","With own children under 18 years","With own children under 6 years only","17,539","+/-2,087","70.3%","+/-5.0","64.9%","+/-5.2","7.7%","+/-4.7"
"Population 20 to 64 years","SEX","Female","With own children under 18 years","With own children under 6 years and 6 to 17 years","16,237","+/-2,151","64.8%","+/-7.2","59.1%","+/-7.2","8.8%","+/-3.8"
"Population 20 to 64 years","SEX","Female","With own children under 18 years","With own children under 6 to 17 years only","46,533","+/-2,959","77.4%","+/-3.3","74.3%","+/-3.5","4.0%","+/-2.0"
"POVERTY STATUS IN THE PAST 12 MONTHS","","","","","","","","","","","",""
"POVERTY STATUS IN THE PAST 12 MONTHS","Below poverty level","","","","40,176","+/-4,541","55.7%","+/-4.3","45.5%","+/-4.2","18.3%","+/-4.3"
"POVERTY STATUS IN THE PAST 12 MONTHS","At or above the poverty level","","","","395,925","+/-9,572","85.2%","+/-1.1","81.9%","+/-1.2","3.8%","+/-0.5"
"DISABILITY STATUS","","","","","","","","","","","",""
"DISABILITY STATUS","With any disability","","","","29,999","+/-3,328","47.5%","+/-5.2","41.9%","+/-5.0","11.5%","+/-4.1"
"EDUCATIONAL ATTAINMENT","","","","","","","","","","","",""
"EDUCATIONAL ATTAINMENT","Population 25 to 64 years","","","","396,718","+/-8,330","82.2%","+/-1.2","78.5%","+/-1.2","4.5%","+/-0.6"
"EDUCATIONAL ATTAINMENT","Population 25 to 64 years","Less than high school graduate","","","52,823","+/-5,541","75.1%","+/-4.2","71.1%","+/-4.5","5.3%","+/-2.6"
"EDUCATIONAL ATTAINMENT","Population 25 to 64 years","High school graduate (includes equivalency)","","","98,846","+/-6,314","77.1%","+/-2.6","72.3%","+/-2.9","6.2%","+/-1.6"
"EDUCATIONAL ATTAINMENT","Population 25 to 64 years","Some college or associate's degree","","","109,648","+/-6,189","85.1%","+/-1.8","81.6%","+/-1.9","4.0%","+/-1.1"
"EDUCATIONAL ATTAINMENT","Population 25 to 64 years","Bachelor's degree or higher","","","135,401","+/-6,618","86.3%","+/-1.4","83.3%","+/-1.4","3.4%","+/-0.8"