﻿,,,,,Illinois,"","","","","","",""
,,,,,Total,"",Labor Force Participation Rate,"",Employment/Population Ratio,"",Unemployment rate,""
"","","","","","Estimate","Margin of Error","Estimate","Margin of Error","Estimate","Margin of Error","Estimate","Margin of Error"
"Population 16 years and over","","","","","10,222,986","+/-6,129","65.2%","+/-0.2","61.0%","+/-0.2","6.3%","+/-0.1"
"AGE","","","","","","","","","","","",""
"AGE","16 to 19 years","","","","683,693","+/-6,774","39.6%","+/-0.8","31.1%","+/-0.9","20.3%","+/-1.3"
"AGE","20 to 24 years","","","","874,074","+/-4,907","76.9%","+/-0.8","68.0%","+/-0.9","11.0%","+/-0.7"
"AGE","25 to 29 years","","","","890,949","+/-3,348","85.4%","+/-0.7","79.3%","+/-0.8","6.7%","+/-0.6"
"AGE","30 to 34 years","","","","874,802","+/-3,932","85.3%","+/-0.6","80.6%","+/-0.7","5.3%","+/-0.5"
"AGE","35 to 44 years","","","","1,654,483","+/-4,149","84.2%","+/-0.4","79.8%","+/-0.5","5.1%","+/-0.3"
"AGE","45 to 54 years","","","","1,716,447","+/-4,124","82.5%","+/-0.5","78.5%","+/-0.6","4.8%","+/-0.3"
"AGE","55 to 59 years","","","","860,048","+/-10,376","73.1%","+/-0.7","69.5%","+/-0.8","5.0%","+/-0.4"
"AGE","60 to 64 years","","","","795,660","+/-10,462","57.1%","+/-0.8","54.7%","+/-0.8","4.3%","+/-0.5"
"AGE","65 to 74 years","","","","1,073,859","+/-2,585","25.5%","+/-0.6","24.5%","+/-0.6","3.7%","+/-0.5"
"AGE","75 years and over","","","","798,971","+/-2,359","6.5%","+/-0.4","6.2%","+/-0.4","4.3%","+/-1.2"
"RACE AND HISPANIC OR LATINO ORIGIN","","","","","","","","","","","",""
"RACE AND HISPANIC OR LATINO ORIGIN","White alone","","","","7,445,157","+/-17,105","65.5%","+/-0.2","62.2%","+/-0.2","4.8%","+/-0.1"
"RACE AND HISPANIC OR LATINO ORIGIN","Black or African American alone","","","","1,422,913","+/-6,783","60.6%","+/-0.6","51.7%","+/-0.7","14.5%","+/-0.7"
"RACE AND HISPANIC OR LATINO ORIGIN","American Indian and Alaska Native alone","","","","24,849","+/-3,074","65.0%","+/-5.5","59.0%","+/-6.1","9.0%","+/-3.5"
"RACE AND HISPANIC OR LATINO ORIGIN","Asian alone","","","","558,266","+/-4,381","65.2%","+/-1.0","62.1%","+/-1.0","4.7%","+/-0.5"
"RACE AND HISPANIC OR LATINO ORIGIN","Native Hawaiian and Other Pacific Islander alone","","","","N","N","N","N","N","N","N","N"
"RACE AND HISPANIC OR LATINO ORIGIN","Some other race alone","","","","589,837","+/-16,952","71.8%","+/-1.1","66.7%","+/-1.1","6.9%","+/-0.7"
"RACE AND HISPANIC OR LATINO ORIGIN","Two or more races","","","","177,938","+/-8,458","68.6%","+/-2.1","60.8%","+/-2.0","11.0%","+/-1.3"
"Hispanic or Latino origin (of any race)","","","","","1,540,345","+/-3,050","70.8%","+/-0.5","65.7%","+/-0.6","6.9%","+/-0.5"
"White alone, not Hispanic or Latino","","","","","6,561,658","+/-4,221","64.9%","+/-0.2","61.8%","+/-0.2","4.5%","+/-0.1"
"Population 20 to 64 years","","","","","7,666,463","+/-5,431","79.2%","+/-0.2","74.4%","+/-0.3","5.8%","+/-0.1"
"Population 20 to 64 years","SEX","","","","","","","","","","",""
"Population 20 to 64 years","SEX","Male","","","3,812,077","+/-4,275","83.4%","+/-0.3","78.1%","+/-0.3","5.9%","+/-0.2"
"Population 20 to 64 years","SEX","Female","","","3,854,386","+/-3,970","75.1%","+/-0.4","70.8%","+/-0.4","5.7%","+/-0.2"
"Population 20 to 64 years","SEX","Female","With own children under 18 years","","1,339,140","+/-13,808","76.1%","+/-0.6","71.5%","+/-0.7","6.0%","+/-0.4"
"Population 20 to 64 years","SEX","Female","With own children under 18 years","With own children under 6 years only","290,320","+/-8,327","76.4%","+/-1.2","71.0%","+/-1.4","7.1%","+/-1.1"
"Population 20 to 64 years","SEX","Female","With own children under 18 years","With own children under 6 years and 6 to 17 years","256,888","+/-8,298","67.8%","+/-1.6","63.2%","+/-1.7","6.8%","+/-0.9"
"Population 20 to 64 years","SEX","Female","With own children under 18 years","With own children under 6 to 17 years only","791,932","+/-12,637","78.7%","+/-0.7","74.4%","+/-0.8","5.5%","+/-0.5"
"POVERTY STATUS IN THE PAST 12 MONTHS","","","","","","","","","","","",""
"POVERTY STATUS IN THE PAST 12 MONTHS","Below poverty level","","","","892,034","+/-19,231","52.1%","+/-0.9","38.8%","+/-0.9","25.5%","+/-1.0"
"POVERTY STATUS IN THE PAST 12 MONTHS","At or above the poverty level","","","","6,637,337","+/-19,563","84.1%","+/-0.2","80.5%","+/-0.2","4.2%","+/-0.1"
"DISABILITY STATUS","","","","","","","","","","","",""
"DISABILITY STATUS","With any disability","","","","661,619","+/-13,489","41.7%","+/-1.1","36.0%","+/-1.0","13.7%","+/-1.0"
"EDUCATIONAL ATTAINMENT","","","","","","","","","","","",""
"EDUCATIONAL ATTAINMENT","Population 25 to 64 years","","","","6,792,389","+/-5,002","79.5%","+/-0.3","75.3%","+/-0.3","5.2%","+/-0.2"
"EDUCATIONAL ATTAINMENT","Population 25 to 64 years","Less than high school graduate","","","664,752","+/-13,090","61.7%","+/-0.9","55.3%","+/-1.0","10.3%","+/-0.8"
"EDUCATIONAL ATTAINMENT","Population 25 to 64 years","High school graduate (includes equivalency)","","","1,626,704","+/-23,160","73.8%","+/-0.6","68.4%","+/-0.7","7.3%","+/-0.4"
"EDUCATIONAL ATTAINMENT","Population 25 to 64 years","Some college or associate's degree","","","2,033,865","+/-20,184","80.5%","+/-0.4","75.9%","+/-0.4","5.4%","+/-0.3"
"EDUCATIONAL ATTAINMENT","Population 25 to 64 years","Bachelor's degree or higher","","","2,467,068","+/-19,331","87.2%","+/-0.3","84.6%","+/-0.3","2.9%","+/-0.2"